"","qrt","evt","cl","de","locX","locY","opt1","opt2","mtype","etype","opid","tid","pid","hs","vs","epid","oftid","ord","id"
"1","1st","2","12:00","Start Period","0","-80","0","0","0","12","","0","0","0","0","","0","20000","0021900346"
"2","1st","4","11:57","Jump Ball Capela vs Holmes (Westbrook gains possession)","0","-80","0","0","0","10","1626158","1610612745","203991","0","0","201566","1610612745","60000","0021900346"
"3","1st","7","11:44","[HOU] Westbrook Turnover : Bad Pass (1 TO) Steal:Holmes (1 ST)","-96","10","1","0","1","5","1626158","1610612745","201566","0","0","","1610612745","70000","0021900346"
"4","1st","9","11:25","[SAC] Bjelica Turnaround Fadeaway Bank Jump Shot: Missed","-70","55","2","0","105","2","","1610612758","202357","0","0","","1610612758","90000","0021900346"
"5","1st","10","11:23","[HOU] Capela Rebound (Off:0 Def:1)","-70","55","0","0","0","4","","1610612745","203991","0","0","","1610612758","1e+05","0021900346"
"6","1st","11","11:14","[HOU 2-0] Harden Driving Layup Shot: Made (2 PTS)","-3","-1","2","0","6","1","","1610612745","201935","2","0","","1610612745","110000","0021900346"
"7","1st","12","10:50","[SAC] Barnes Turnaround Fadeaway shot: Missed","7","114","2","0","86","2","","1610612758","203084","2","0","","1610612758","120000","0021900346"
"8","1st","13","10:48","[HOU] Tucker Rebound (Off:0 Def:1)","7","114","0","0","0","4","","1610612745","200782","2","0","","1610612758","130000","0021900346"
"9","1st","14","10:41","[SAC] Hield Foul: Shooting (1 PF) (2 FTA) (M Myers)","37","12","0","0","2","6","203991","1610612758","1627741","2","0","","1610612745","140000","0021900346"
"10","1st","16","10:41","[HOU 3-0] Capela Free Throw 1 of 2 (1 PTS)","0","-80","1","0","11","3","","1610612745","203991","3","0","","1610612745","160000","0021900346"
"11","1st","17","10:41","[HOU] Capela Free Throw 2 of 2 Missed","0","-80","2","0","12","3","","1610612745","203991","3","0","","1610612745","170000","0021900346"
"12","1st","18","10:41","[SAC] Bjelica Rebound (Off:0 Def:1)","0","-80","0","0","0","4","","1610612758","202357","3","0","","1610612745","170001","0021900346"
"13","1st","19","10:19","[SAC] Hield 3pt Shot: Missed","-238","24","3","0","79","2","","1610612758","1627741","3","0","","1610612758","190000","0021900346"
"14","1st","20","10:17","[HOU] Tucker Rebound (Off:0 Def:2)","-238","24","0","0","0","4","","1610612745","200782","3","0","","1610612758","2e+05","0021900346"
"15","1st","21","10:09","[HOU] Harden 3pt Shot: Missed","124","245","3","0","80","2","","1610612745","201935","3","0","","1610612745","210000","0021900346"
"16","1st","22","10:07","[SAC] Barnes Rebound (Off:0 Def:1)","124","245","0","0","0","4","","1610612758","203084","3","0","","1610612745","220000","0021900346"
"17","1st","23","09:59","[SAC] Holmes Turnaround Hook Shot: Missed","58","13","2","0","58","2","","1610612758","1626158","3","0","","1610612758","230000","0021900346"
"18","1st","24","09:57","[HOU] Tucker Rebound (Off:0 Def:3)","58","13","0","0","0","4","","1610612745","200782","3","0","","1610612758","240000","0021900346"
"19","1st","25","09:52","[HOU 5-0] Westbrook Driving Layup Shot: Made (2 PTS) Assist: Harden (1 AST)","18","-9","2","0","6","1","","1610612745","201566","5","0","201935","1610612745","250000","0021900346"
"20","1st","27","09:52","[SAC] Team Timeout : Regular","0","-80","0","0","1","9","","1610612758","1610612758","5","0","","1610612758","270000","0021900346"
"21","1st","28","09:36","[SAC 3-5] Bjelica 3pt Shot: Made (3 PTS) Assist: Joseph (1 AST)","62","276","3","0","1","1","","1610612758","202357","5","3","202709","1610612758","280000","0021900346"
"22","1st","30","09:21","[HOU] Harden Turnover : Out of Bounds - Bad Pass Turnover (1 TO)","-231","252","0","0","45","5","","1610612745","201935","5","3","","1610612745","3e+05","0021900346"
"23","1st","31","09:17","[SAC] Hield Turnover : Out of Bounds Lost Ball Turnover (1 TO)","-68","-28","0","0","40","5","","1610612758","1627741","5","3","","1610612758","310000","0021900346"
"24","1st","32","09:09","[HOU 7-3] Westbrook Driving Finger Roll Layup Shot: Made (4 PTS)","-13","-5","2","0","75","1","","1610612745","201566","7","3","","1610612745","320000","0021900346"
"25","1st","33","08:53","[HOU] Tucker Foul: Shooting (1 PF) (2 FTA) (K Mauer)","54","50","0","0","2","6","1626158","1610612745","200782","7","3","","1610612758","330000","0021900346"
"26","1st","35","08:53","[SAC 4-7] Holmes Free Throw 1 of 2 (1 PTS)","0","-80","1","0","11","3","","1610612758","1626158","7","4","","1610612758","350000","0021900346"
"27","1st","36","08:53","[SAC 5-7] Holmes Free Throw 2 of 2 (2 PTS)","0","-80","1","0","12","3","","1610612758","1626158","7","5","","1610612758","360000","0021900346"
"28","1st","37","08:45","[HOU] Tucker 3pt Shot: Missed","20","261","3","0","1","2","","1610612745","200782","7","5","","1610612745","370000","0021900346"
"29","1st","38","08:44","[SAC] Holmes Rebound (Off:0 Def:1)","20","261","0","0","0","4","","1610612758","1626158","7","5","","1610612745","380000","0021900346"
"30","1st","39","08:33","[SAC 8-7] Barnes 3pt Shot: Made (3 PTS) Assist: Bjelica (1 AST)","231","75","3","0","1","1","","1610612758","203084","7","8","202357","1610612758","390000","0021900346"
"31","1st","41","08:20","[HOU] Capela Layup Shot: Missed","-2","33","2","0","5","2","1626158","1610612745","203991","7","8","","1610612745","410000","0021900346"
"32","1st","43","08:17","[SAC] Hield Rebound (Off:0 Def:1)","-2","33","0","0","0","4","","1610612758","1627741","7","8","","1610612745","430000","0021900346"
"33","1st","44","08:17","[SAC] Hield Turnover : Out of Bounds - Bad Pass Turnover (2 TO)","-232","159","0","0","45","5","","1610612758","1627741","7","8","","1610612758","440000","0021900346"
"34","1st","45","08:07","[SAC] Bjelica Foul: Shooting (1 PF) (2 FTA) (K Mauer)","-24","3","0","0","2","6","203991","1610612758","202357","7","8","","1610612745","450000","0021900346"
"35","1st","47","08:07","[HOU] Capela Free Throw 1 of 2 Missed","0","-80","2","0","11","3","","1610612745","203991","7","8","","1610612745","470000","0021900346"
"36","1st","48","08:07","[HOU] Team Rebound","0","-80","1","0","1","4","","1610612745","0","7","8","","1610612745","470001","0021900346"
"37","1st","49","08:07","[HOU 8-8] Capela Free Throw 2 of 2 (2 PTS)","0","-80","1","0","12","3","","1610612745","203991","8","8","","1610612745","490000","0021900346"
"38","1st","50","07:42","[SAC 10-8] Bjelica Turnaround Hook Shot: Made (5 PTS)","-51","49","2","0","58","1","","1610612758","202357","8","10","","1610612758","5e+05","0021900346"
"39","1st","51","07:30","Jump Ball Capela vs Holmes (Westbrook gains possession)","0","-80","0","0","0","10","1626158","1610612745","203991","8","10","201566","1610612745","530000","0021900346"
"40","1st","54","07:25","[HOU 10-10] Westbrook Pullup Jump shot: Made (6 PTS)","-33","184","2","0","79","1","","1610612745","201566","10","10","","1610612745","540000","0021900346"
"41","1st","55","07:03","[HOU] Westbrook Foul: Personal (1 PF) (K Mauer)","116","29","0","0","1","6","202357","1610612745","201566","10","10","","1610612758","550000","0021900346"
"42","1st","57","06:56","[SAC 13-10] Hield 3pt Shot: Made (3 PTS) Assist: Joseph (2 AST)","103","256","3","0","80","1","","1610612758","1627741","10","13","202709","1610612758","570000","0021900346"
"43","1st","59","06:38","[HOU] Tucker Reverse Layup Shot: Missed","26","-6","2","0","44","2","","1610612745","200782","10","13","","1610612745","590000","0021900346"
"44","1st","60","06:36","[SAC] Bjelica Rebound (Off:0 Def:2)","26","-6","0","0","0","4","","1610612758","202357","10","13","","1610612745","6e+05","0021900346"
"45","1st","61","06:26","[SAC] Hield 3pt Shot: Missed","-95","251","3","0","1","2","","1610612758","1627741","10","13","","1610612758","610000","0021900346"
"46","1st","62","06:24","[SAC] Bjelica Rebound (Off:1 Def:2)","-95","251","1","0","0","4","","1610612758","202357","10","13","","1610612758","620000","0021900346"
"47","1st","63","06:23","[HOU] Tucker Foul: Personal (2 PF) (M Ervin)","-8","-4","0","0","1","6","202357","1610612745","200782","10","13","","1610612758","630000","0021900346"
"48","1st","65","06:15","[SAC 15-10] Bjelica Hook Shot: Made (7 PTS) Assist: Barnes (1 AST)","-9","92","2","0","3","1","","1610612758","202357","10","15","203084","1610612758","650000","0021900346"
"49","1st","67","06:02","[HOU] Westbrook Fadeaway Jump Shot: Missed","-25","113","2","0","63","2","","1610612745","201566","10","15","","1610612745","670000","0021900346"
"50","1st","68","06:00","[SAC] Holmes Rebound (Off:0 Def:2)","-25","113","0","0","0","4","","1610612758","1626158","10","15","","1610612745","680000","0021900346"
"51","1st","69","05:48","Stoppage: Out-of-Bounds","0","-80","0","0","3","20","","0","0","10","15","","1610612758","690000","0021900346"
"52","1st","70","05:48","[HOU] Westbrook Substitution replaced by McLemore","0","-80","0","0","0","8","","1610612745","201566","10","15","203463","1610612758","7e+05","0021900346"
"53","1st","71","05:48","[SAC] Bjelica Substitution replaced by Bogdanovic","0","-80","0","0","0","8","","1610612758","202357","10","15","203992","1610612758","710000","0021900346"
"54","1st","72","05:48","[SAC] Barnes Substitution replaced by Ariza","0","-80","0","0","0","8","","1610612758","203084","10","15","2772","1610612758","720000","0021900346"
"55","1st","76","05:40","[SAC 18-10] Joseph 3pt Shot: Made (3 PTS) Assist: Ariza (1 AST)","217","135","3","0","1","1","","1610612758","202709","10","18","2772","1610612758","760000","0021900346"
"56","1st","78","05:27","[HOU 13-18] Tucker 3pt Shot: Made (3 PTS) Assist: McLemore (1 AST)","231","-10","3","0","1","1","","1610612745","200782","13","18","203463","1610612745","780000","0021900346"
"57","1st","80","05:17","[SAC] Joseph 3pt Shot: Missed","186","197","3","0","1","2","","1610612758","202709","13","18","","1610612758","8e+05","0021900346"
"58","1st","81","05:15","[HOU] Capela Rebound (Off:0 Def:2)","186","197","0","0","0","4","","1610612745","203991","13","18","","1610612758","810000","0021900346"
"59","1st","82","05:02","[HOU] House Jr. Turnover : Bad Pass (1 TO) Steal:Hield (1 ST)","25","120","1","0","1","5","1627741","1610612745","1627863","13","18","","1610612745","820000","0021900346"
"60","1st","84","04:58","[SAC] Hield Running Layup Shot: Missed","-20","8","2","1","41","2","","1610612758","1627741","13","18","","1610612758","840000","0021900346"
"61","1st","85","04:51","[SAC] Ariza Rebound (Off:1 Def:0)","-20","8","1","0","0","4","","1610612758","2772","13","18","","1610612758","850000","0021900346"
"62","1st","86","04:51","[SAC 20-13] Ariza Tip Layup Shot: Made (2 PTS)","0","-5","2","0","97","1","","1610612758","2772","13","20","","1610612758","860000","0021900346"
"63","1st","87","04:34","[HOU] Harden Driving Floating Bank Jump Shot: Missed","-34","43","2","0","102","2","","1610612745","201935","13","20","","1610612745","870000","0021900346"
"64","1st","88","04:28","[HOU] Capela Rebound (Off:1 Def:2)","-34","43","1","0","0","4","","1610612745","203991","13","20","","1610612745","880000","0021900346"
"65","1st","89","04:28","[HOU 15-20] Capela Tip Layup Shot: Made (4 PTS)","0","-5","2","0","97","1","","1610612745","203991","15","20","","1610612745","890000","0021900346"
"66","1st","90","04:20","[SAC 22-15] Holmes Hook Shot: Made (4 PTS) Assist: Bogdanovic (1 AST)","3","109","2","0","3","1","","1610612758","1626158","15","22","203992","1610612758","9e+05","0021900346"
"67","1st","92","04:05","[HOU 17-22] Capela Alley Oop Dunk Shot: Made (6 PTS) Assist: Harden (2 AST)","0","-4","2","0","52","1","","1610612745","203991","17","22","201935","1610612745","920000","0021900346"
"68","1st","94","03:48","[SAC] Holmes Turnaround Hook Shot: Missed","-3","103","2","0","58","2","201935","1610612758","1626158","17","22","","1610612758","940000","0021900346"
"69","1st","96","03:46","[HOU] Tucker Rebound (Off:0 Def:4)","-3","103","0","0","0","4","","1610612745","200782","17","22","","1610612758","960000","0021900346"
"70","1st","97","03:43","[HOU] McLemore 3pt Shot: Missed","-193","195","3","1","79","2","","1610612745","203463","17","22","","1610612745","970000","0021900346"
"71","1st","98","03:41","[SAC] Holmes Rebound (Off:0 Def:3)","-193","195","0","0","0","4","","1610612758","1626158","17","22","","1610612745","980000","0021900346"
"72","1st","99","03:30","[HOU] Capela Foul: Shooting (1 PF) (2 FTA) (M Myers)","-4","51","0","0","2","6","1626158","1610612745","203991","17","22","","1610612758","990000","0021900346"
"73","1st","101","03:30","[HOU] Team Timeout : Regular","0","-80","0","0","1","9","","1610612745","1610612745","17","22","","1610612758","1010000","0021900346"
"74","1st","102","03:30","[HOU] House Jr. Substitution replaced by Clemons","0","-80","0","0","0","8","","1610612745","1627863","17","22","1629598","1610612758","1020000","0021900346"
"75","1st","103","03:30","[HOU] Capela Substitution replaced by Clark","0","-80","0","0","0","8","","1610612745","203991","17","22","1629109","1610612758","1030000","0021900346"
"76","1st","104","03:30","[SAC] Hield Substitution replaced by Barnes","0","-80","0","0","0","8","","1610612758","1627741","17","22","203084","1610612758","1040000","0021900346"
"77","1st","108","03:30","[SAC 23-17] Holmes Free Throw 1 of 2 (5 PTS)","0","-80","1","0","11","3","","1610612758","1626158","17","23","","1610612758","1080000","0021900346"
"78","1st","109","03:30","[SAC 24-17] Holmes Free Throw 2 of 2 (6 PTS)","0","-80","1","0","12","3","","1610612758","1626158","17","24","","1610612758","1090000","0021900346"
"79","1st","110","03:06","[HOU] Clemons 3pt Shot: Missed","102","257","3","0","79","2","","1610612745","1629598","17","24","","1610612745","1100000","0021900346"
"80","1st","111","03:04","[HOU] Tucker Rebound (Off:1 Def:4)","102","257","1","0","0","4","","1610612745","200782","17","24","","1610612745","1110000","0021900346"
"81","1st","112","03:01","[HOU] McLemore 3pt Shot: Missed","149","208","3","0","1","2","2772","1610612745","203463","17","24","","1610612745","1120000","0021900346"
"82","1st","114","02:59","[HOU] Team Rebound","149","208","1","0","0","4","","1610612745","0","17","24","","1610612745","1140000","0021900346"
"83","1st","115","02:59","Stoppage: Out-of-Bounds","0","-80","0","0","3","20","","0","0","17","24","","1610612745","1150000","0021900346"
"84","1st","116","02:59","[HOU] Tucker Substitution replaced by Westbrook","0","-80","0","0","0","8","","1610612745","200782","17","24","201566","1610612745","1160000","0021900346"
"85","1st","118","02:54","[HOU] Westbrook Layup Shot: Missed","-27","-1","2","0","5","2","203084","1610612745","201566","17","24","","1610612745","1180000","0021900346"
"86","1st","120","02:52","[SAC] Barnes Rebound (Off:0 Def:2)","-27","-1","0","0","0","4","","1610612758","203084","17","24","","1610612745","1200000","0021900346"
"87","1st","121","02:30","[SAC] Team Turnover : Shot Clock Turnover","-3","33","0","0","11","5","","1610612758","0","17","24","","1610612758","1210000","0021900346"
"88","1st","122","02:16","[HOU 20-24] Harden 3pt Shot: Made (5 PTS)","73","267","3","0","80","1","","1610612745","201935","20","24","","1610612745","1220000","0021900346"
"89","1st","123","02:16","[SAC] Joseph Foul: Shooting (1 PF) (1 FTA) (K Mauer)","73","267","0","0","2","6","201935","1610612758","202709","20","24","","1610612745","1230000","0021900346"
"90","1st","125","02:16","[HOU 21-24] Harden Free Throw 1 of 1 (6 PTS)","0","-80","1","0","10","3","","1610612745","201935","21","24","","1610612745","1250000","0021900346"
"91","1st","126","01:51","[SAC 26-21] Barnes Driving Layup Shot: Made (5 PTS) Assist: Joseph (3 AST)","2","12","2","0","6","1","","1610612758","203084","21","26","202709","1610612758","1260000","0021900346"
"92","1st","128","01:39","[HOU] McLemore 3pt Shot: Missed","230","64","3","0","1","2","","1610612745","203463","21","26","","1610612745","1280000","0021900346"
"93","1st","129","01:37","[SAC] Ariza Rebound (Off:1 Def:1)","230","64","0","0","0","4","","1610612758","2772","21","26","","1610612745","1290000","0021900346"
"94","1st","130","01:32","[SAC] Barnes Turnover : Out of Bounds - Bad Pass Turnover (1 TO)","-234","-14","0","0","45","5","","1610612758","203084","21","26","","1610612758","1300000","0021900346"
"95","1st","131","01:22","[HOU 23-26] Westbrook Pullup Jump shot: Made (8 PTS)","-161","83","2","0","79","1","","1610612745","201566","23","26","","1610612745","1310000","0021900346"
"96","1st","132","01:07","[SAC 29-23] Ariza 3pt Shot: Made (5 PTS) Assist: Barnes (2 AST)","112","250","3","0","1","1","","1610612758","2772","23","29","203084","1610612758","1320000","0021900346"
"97","1st","134","00:58.5","[HOU] Harden Driving Layup Shot: Missed","-35","35","2","0","6","2","202709","1610612745","201935","23","29","","1610612745","1340000","0021900346"
"98","1st","136","00:55.8","[SAC] Ariza Rebound (Off:1 Def:2)","-35","35","0","0","0","4","","1610612758","2772","23","29","","1610612745","1360000","0021900346"
"99","1st","137","00:52.5","[SAC 32-23] Ariza 3pt Shot: Made (8 PTS) Assist: Joseph (4 AST)","119","247","3","1","1","1","","1610612758","2772","23","32","202709","1610612758","1370000","0021900346"
"100","1st","139","00:45.9","[HOU 26-32] Clark 3pt Shot: Made (3 PTS) Assist: McLemore (2 AST)","-228","8","3","0","1","1","","1610612745","1629109","26","32","203463","1610612745","1390000","0021900346"
"101","1st","141","00:38.6","[SAC] Ariza 3pt Shot: Missed","27","267","3","0","1","2","","1610612758","2772","26","32","","1610612758","1410000","0021900346"
"102","1st","142","00:35.9","[HOU] Westbrook Rebound (Off:0 Def:1)","27","267","0","0","0","4","","1610612745","201566","26","32","","1610612758","1420000","0021900346"
"103","1st","143","00:31.3","[HOU] Westbrook Turnover : Bad Pass (2 TO) Steal:Holmes (2 ST)","6","230","1","0","1","5","1626158","1610612745","201566","26","32","","1610612745","1430000","0021900346"
"104","1st","145","00:24.0","[SAC] Bogdanovic 3pt Shot: Missed","-177","198","3","0","1","2","","1610612758","203992","26","32","","1610612758","1450000","0021900346"
"105","1st","146","00:21.4","[HOU] Team Rebound","-177","198","0","0","0","4","","1610612745","0","26","32","","1610612758","1460000","0021900346"
"106","1st","147","00:21.4","Stoppage: Out-of-Bounds","0","-80","0","0","3","20","","0","0","26","32","","1610612745","1470000","0021900346"
"107","1st","148","00:03.3","[SAC] Holmes Foul: Shooting (1 PF) (2 FTA) (M Ervin)","11","51","0","0","2","6","1629109","1610612758","1626158","26","32","","1610612745","1480000","0021900346"
"108","1st","150","00:03.3","[HOU 27-32] Clark Free Throw 1 of 2 (4 PTS)","0","-80","1","0","11","3","","1610612745","1629109","27","32","","1610612745","1500000","0021900346"
"109","1st","151","00:03.3","[SAC] Joseph Substitution replaced by Ferrell","0","-80","0","0","0","8","","1610612758","202709","27","32","1627812","1610612745","1510000","0021900346"
"110","1st","152","00:03.3","[SAC] Holmes Substitution replaced by Hield","0","-80","0","0","0","8","","1610612758","1626158","27","32","1627741","1610612745","1520000","0021900346"
"111","1st","155","00:03.3","[HOU 28-32] Clark Free Throw 2 of 2 (5 PTS)","0","-80","1","0","12","3","","1610612745","1629109","28","32","","1610612745","1550000","0021900346"
"112","1st","158","00:00.0","End Period","0","-80","0","0","0","13","","0","0","28","32","","1610612758","1580000","0021900346"
"113","2st","165","12:00","Start Period","0","-80","0","0","0","12","","0","0","28","32","","1610612758","1650000","0021900346"
"114","2st","166","11:43","[SAC 34-28] Barnes Cutting Dunk Shot: Made (7 PTS) Assist: Bjelica (2 AST)","-11","7","2","0","108","1","","1610612758","203084","28","34","202357","1610612758","1660000","0021900346"
"115","2st","168","11:31","[HOU 31-34] McLemore 3pt Shot: Made (3 PTS) Assist: Westbrook (1 AST)","-148","220","3","0","1","1","","1610612745","203463","31","34","201566","1610612745","1680000","0021900346"
"116","2st","170","11:15","[SAC] Ariza 3pt Shot: Missed","-243","-2","3","0","1","2","","1610612758","2772","31","34","","1610612758","1700000","0021900346"
"117","2st","171","11:14","[HOU] Westbrook Rebound (Off:0 Def:2)","-243","-2","0","0","0","4","","1610612745","201566","31","34","","1610612758","1710000","0021900346"
"118","2st","172","10:52","[HOU 34-34] Clark 3pt Shot: Made (8 PTS) Assist: Westbrook (2 AST)","21","276","3","0","1","1","","1610612745","1629109","34","34","201566","1610612745","1720000","0021900346"
"119","2st","174","10:30","[HOU] McLemore Foul: Shooting (1 PF) (2 FTA) (M Ervin)","3","40","0","0","2","6","202357","1610612745","203463","34","34","","1610612758","1740000","0021900346"
"120","2st","176","10:30","[SAC 35-34] Bjelica Free Throw 1 of 2 (8 PTS)","0","-80","1","0","11","3","","1610612758","202357","34","35","","1610612758","1760000","0021900346"
"121","2st","177","10:30","[SAC 36-34] Bjelica Free Throw 2 of 2 (9 PTS)","0","-80","1","0","12","3","","1610612758","202357","34","36","","1610612758","1770000","0021900346"
"122","2st","178","10:20","[HOU 36-36] Capela Alley Oop Dunk Shot: Made (8 PTS) Assist: Westbrook (3 AST)","4","-2","2","0","52","1","","1610612745","203991","36","36","201566","1610612745","1780000","0021900346"
"123","2st","180","10:04","[SAC] Ariza 3pt Shot: Missed","239","31","3","0","1","2","","1610612758","2772","36","36","","1610612758","1800000","0021900346"
"124","2st","181","10:03","[HOU] Capela Rebound (Off:1 Def:3)","239","31","0","0","0","4","","1610612745","203991","36","36","","1610612758","1810000","0021900346"
"125","2st","182","09:51","[HOU 39-36] Clark 3pt Shot: Made (11 PTS) Assist: McLemore (3 AST)","-148","211","3","0","1","1","","1610612745","1629109","39","36","203463","1610612745","1820000","0021900346"
"126","2st","184","09:51","[SAC] Team Timeout : Regular","0","-80","0","0","1","9","","1610612758","1610612758","39","36","","1610612758","1840000","0021900346"
"127","2st","185","09:37","[SAC] Barnes Hook Shot: Missed","-6","87","2","0","3","2","","1610612758","203084","39","36","","1610612758","1850000","0021900346"
"128","2st","186","09:36","[HOU] Team Rebound","-6","87","0","0","0","4","","1610612745","0","39","36","","1610612758","1860000","0021900346"
"129","2st","187","09:36","Stoppage: Out-of-Bounds","0","-80","0","0","3","20","","0","0","39","36","","1610612745","1870000","0021900346"
"130","2st","188","09:34","[SAC] Walton Technical (1 FTA) (K Mauer)","0","-80","0","0","11","6","","1610612758","204012","39","36","","1610612745","1880000","0021900346"
"131","2st","189","09:34","[HOU 40-36] Westbrook Free Throw Technical (9 PTS)","0","-80","1","0","16","3","","1610612745","201566","40","36","","1610612745","1890000","0021900346"
"132","2st","190","09:26","[HOU] Capela Turnover : Lost Ball (1 TO) Steal:Bjelica (1 ST)","120","-32","1","0","2","5","202357","1610612745","203991","40","36","","1610612745","1900000","0021900346"
"133","2st","192","09:08","[SAC 38-40] Ferrell Pullup Jump shot: Made (2 PTS) Assist: Ariza (2 AST)","158","84","2","0","79","1","","1610612758","1627812","40","38","2772","1610612758","1920000","0021900346"
"134","2st","194","08:57","[HOU 43-38] McLemore 3pt Shot: Made (6 PTS) Assist: Westbrook (4 AST)","-225","69","3","0","1","1","","1610612745","203463","43","38","201566","1610612745","1940000","0021900346"
"135","2st","196","08:38","[SAC] Bjelica Turnover : Lost Ball (1 TO) Steal:Westbrook (1 ST)","-14","51","1","0","2","5","201566","1610612758","202357","43","38","","1610612758","1960000","0021900346"
"136","2st","198","08:27","[HOU] Clark 3pt Shot: Missed","-230","-5","3","0","1","2","","1610612745","1629109","43","38","","1610612745","1980000","0021900346"
"137","2st","199","08:25","[HOU] House Jr. Rebound (Off:1 Def:0)","-230","-5","1","0","0","4","","1610612745","1627863","43","38","","1610612745","1990000","0021900346"
"138","2st","200","08:12","[HOU] House Jr. 3pt Shot: Missed","139","237","3","0","79","2","","1610612745","1627863","43","38","","1610612745","2e+06","0021900346"
"139","2st","201","08:11","[SAC] Team Rebound","139","237","0","0","0","4","","1610612758","0","43","38","","1610612745","2010000","0021900346"
"140","2st","202","08:11","Stoppage: Out-of-Bounds","0","-80","0","0","3","20","","0","0","43","38","","1610612758","2020000","0021900346"
"141","2st","203","07:56","[HOU] Clark Foul: Shooting (1 PF) (2 FTA) (M Myers)","-21","3","0","0","2","6","1627812","1610612745","1629109","43","38","","1610612758","2030000","0021900346"
"142","2st","205","07:56","[SAC 39-43] Ferrell Free Throw 1 of 2 (3 PTS)","0","-80","1","0","11","3","","1610612758","1627812","43","39","","1610612758","2050000","0021900346"
"143","2st","212","07:56","[SAC] Ferrell Free Throw 2 of 2 Missed","0","-80","2","0","12","3","","1610612758","1627812","43","39","","1610612758","2055000","0021900346"
"144","2st","213","07:56","[HOU] Capela Rebound (Off:1 Def:4)","0","-80","0","0","0","4","","1610612745","203991","43","39","","1610612758","2055001","0021900346"
"145","2st","206","07:56","[HOU] Clark Substitution replaced by Harden","0","-80","0","0","0","8","","1610612745","1629109","43","39","201935","1610612745","2060000","0021900346"
"146","2st","207","07:56","[HOU] McLemore Substitution replaced by Tucker","0","-80","0","0","0","8","","1610612745","203463","43","39","200782","1610612745","2070000","0021900346"
"147","2st","208","07:56","[SAC] Bogdanovic Substitution replaced by Hield","0","-80","0","0","0","8","","1610612758","203992","43","39","1627741","1610612745","2080000","0021900346"
"148","2st","267","07:45","[HOU] Westbrook Turnover : Lost Ball (3 TO) Steal:Bjelica (2 ST)","-9","38","1","0","2","5","202357","1610612745","201566","43","39","","1610612745","2115000","0021900346"
"149","2st","216","07:35","[SAC] Barnes 3pt Shot: Missed","144","214","3","0","1","2","","1610612758","203084","43","39","","1610612758","2160000","0021900346"
"150","2st","217","07:33","[HOU] Capela Rebound (Off:1 Def:5)","144","214","0","0","0","4","","1610612745","203991","43","39","","1610612758","2170000","0021900346"
"151","2st","218","07:22","[HOU] Tucker 3pt Shot: Missed","222","6","3","0","1","2","","1610612745","200782","43","39","","1610612745","2180000","0021900346"
"152","2st","219","07:18","[SAC] Ariza Rebound (Off:1 Def:3)","222","6","0","0","0","4","","1610612758","2772","43","39","","1610612745","2190000","0021900346"
"153","2st","220","07:14","[SAC 41-43] Barnes Cutting Dunk Shot: Made (9 PTS) Assist: Ferrell (1 AST)","-6","9","2","1","108","1","","1610612758","203084","43","41","1627812","1610612758","2200000","0021900346"
"154","2st","222","07:01","[HOU 46-41] Tucker 3pt Shot: Made (6 PTS) Assist: House Jr. (1 AST)","228","-6","3","0","1","1","","1610612745","200782","46","41","1627863","1610612745","2220000","0021900346"
"155","2st","224","06:42","[SAC 43-46] Hield Cutting Layup Shot: Made (5 PTS) Assist: Bjelica (3 AST)","16","7","2","0","98","1","","1610612758","1627741","46","43","202357","1610612758","2240000","0021900346"
"156","2st","226","06:22","[SAC] Ariza Foul: Personal (1 PF) (M Myers)","-225","40","0","0","1","6","201935","1610612758","2772","46","43","","1610612745","2260000","0021900346"
"157","2st","228","06:22","[SAC] Barnes Substitution replaced by Joseph","0","-80","0","0","0","8","","1610612758","203084","46","43","202709","1610612745","2280000","0021900346"
"158","2st","230","06:13","[SAC] Hield Foul: Shooting (2 PF) (2 FTA) (K Mauer)","20","11","0","0","2","6","201566","1610612758","1627741","46","43","","1610612745","2300000","0021900346"
"159","2st","232","06:13","[HOU 47-43] Westbrook Free Throw 1 of 2 (10 PTS)","0","-80","1","0","11","3","","1610612745","201566","47","43","","1610612745","2320000","0021900346"
"160","2st","233","06:13","[HOU 48-43] Westbrook Free Throw 2 of 2 (11 PTS)","0","-80","1","0","12","3","","1610612745","201566","48","43","","1610612745","2330000","0021900346"
"161","2st","234","05:56","[SAC] Hield Turnover : Backcourt Turnover (3 TO)","-158","546","0","0","13","5","","1610612758","1627741","48","43","","1610612758","2340000","0021900346"
"162","2st","235","05:56","[HOU] Westbrook Substitution replaced by McLemore","0","-80","0","0","0","8","","1610612745","201566","48","43","203463","1610612745","2350000","0021900346"
"163","2st","237","05:41","[HOU] Harden 3pt Shot: Missed","-219","173","3","0","80","2","","1610612745","201935","48","43","","1610612745","2370000","0021900346"
"164","2st","238","05:39","[SAC] Ferrell Rebound (Off:0 Def:1)","-219","173","0","0","0","4","","1610612758","1627812","48","43","","1610612745","2380000","0021900346"
"165","2st","239","05:35","[SAC] Ferrell Running Pull-Up Jump Shot: Missed","0","176","2","1","103","2","","1610612758","1627812","48","43","","1610612758","2390000","0021900346"
"166","2st","240","05:33","[HOU] Capela Rebound (Off:1 Def:6)","0","176","0","0","0","4","","1610612745","203991","48","43","","1610612758","2400000","0021900346"
"167","2st","241","05:22","[HOU 51-43] Harden 3pt Shot: Made (9 PTS)","162","229","3","0","80","1","","1610612745","201935","51","43","","1610612745","2410000","0021900346"
"168","2st","242","05:04","[SAC] Hield 3pt Shot: Missed","1","267","3","0","1","2","","1610612758","1627741","51","43","","1610612758","2420000","0021900346"
"169","2st","243","05:02","[HOU] Tucker Rebound (Off:1 Def:5)","1","267","0","0","0","4","","1610612745","200782","51","43","","1610612758","2430000","0021900346"
"170","2st","244","04:56","[HOU 53-43] Harden Driving Floating Jump Shot: Made (11 PTS)","0","104","2","0","101","1","","1610612745","201935","53","43","","1610612745","2440000","0021900346"
"171","2st","245","04:56","[SAC] Ariza Foul: Shooting (2 PF) (1 FTA) (K Mauer)","0","104","0","0","2","6","201935","1610612758","2772","53","43","","1610612745","2450000","0021900346"
"172","2st","247","04:56","[SAC] Bjelica Substitution replaced by Holmes","0","-80","0","0","0","8","","1610612758","202357","53","43","1626158","1610612745","2470000","0021900346"
"173","2st","249","04:56","[SAC] Ferrell Substitution replaced by Bogdanovic","0","-80","0","0","0","8","","1610612758","1627812","53","43","203992","1610612745","2490000","0021900346"
"174","2st","251","04:56","[HOU 54-43] Harden Free Throw 1 of 1 (12 PTS)","0","-80","1","0","10","3","","1610612745","201935","54","43","","1610612745","2510000","0021900346"
"175","2st","252","04:41","[SAC 46-54] Joseph 3pt Shot: Made (6 PTS) Assist: Hield (1 AST)","-112","255","3","0","1","1","","1610612758","202709","54","46","1627741","1610612758","2520000","0021900346"
"176","2st","254","04:31","[HOU] McLemore 3pt Shot: Missed","-213","148","3","0","1","2","","1610612745","203463","54","46","","1610612745","2540000","0021900346"
"177","2st","255","04:28","[SAC] Holmes Rebound (Off:0 Def:4)","-213","148","0","0","0","4","","1610612758","1626158","54","46","","1610612745","2550000","0021900346"
"178","2st","256","04:14","[SAC 49-54] Joseph 3pt Shot: Made (9 PTS)","-120","235","3","0","79","1","","1610612758","202709","54","49","","1610612758","2560000","0021900346"
"179","2st","257","03:56","[HOU] McLemore 3pt Shot: Missed","-224","85","3","0","1","2","","1610612745","203463","54","49","","1610612745","2570000","0021900346"
"180","2st","258","03:52","[HOU] Tucker Rebound (Off:2 Def:5)","-224","85","1","0","0","4","","1610612745","200782","54","49","","1610612745","2580000","0021900346"
"181","2st","259","03:52","[HOU 56-49] Tucker Tip Layup Shot: Made (8 PTS)","0","-5","2","0","97","1","","1610612745","200782","56","49","","1610612745","2590000","0021900346"
"182","2st","260","03:45","[SAC 52-56] Hield 3pt Shot: Made (8 PTS) Assist: Joseph (5 AST)","134","239","3","0","1","1","","1610612758","1627741","56","52","202709","1610612758","2600000","0021900346"
"183","2st","262","03:31","[HOU] House Jr. 3pt Shot: Missed","225","-11","3","0","1","2","","1610612745","1627863","56","52","","1610612745","2620000","0021900346"
"184","2st","263","03:28","[SAC] Bogdanovic Rebound (Off:0 Def:1)","225","-11","0","0","0","4","","1610612758","203992","56","52","","1610612745","2630000","0021900346"
"185","2st","264","03:21","[SAC 55-56] Bogdanovic 3pt Shot: Made (3 PTS) Assist: Ariza (3 AST)","-166","209","3","0","1","1","","1610612758","203992","56","55","2772","1610612758","2640000","0021900346"
"186","2st","266","03:21","[HOU] Team Timeout : Regular","0","-80","0","0","1","9","","1610612745","1610612745","56","55","","1610612745","2660000","0021900346"
"187","2st","269","03:21","[HOU] Capela Substitution replaced by Westbrook","0","-80","0","0","0","8","","1610612745","203991","56","55","201566","1610612745","2670000","0021900346"
"188","2st","270","03:21","[SAC] Ariza Substitution replaced by Barnes","0","-80","0","0","0","8","","1610612758","2772","56","55","203084","1610612745","2680000","0021900346"
"189","2st","273","03:07","[HOU 59-55] Westbrook 3pt Shot: Made (14 PTS)","-229","82","3","0","79","1","","1610612745","201566","59","55","","1610612745","2710000","0021900346"
"190","2st","274","02:46","[SAC] Bogdanovic Hook Shot: Missed","1","81","2","0","3","2","","1610612758","203992","59","55","","1610612758","2720000","0021900346"
"191","2st","275","02:44","[HOU] Tucker Rebound (Off:2 Def:6)","1","81","0","0","0","4","","1610612745","200782","59","55","","1610612758","2730000","0021900346"
"192","2st","276","02:42","[SAC] Bogdanovic Foul: Personal (1 PF) (K Mauer)","-50","120","0","0","1","6","201566","1610612758","203992","59","55","","1610612745","2740000","0021900346"
"193","2st","278","02:42","[HOU] House Jr. Substitution replaced by Clark","0","-80","0","0","0","8","","1610612745","1627863","59","55","1629109","1610612745","2760000","0021900346"
"194","2st","280","02:38","[HOU 62-55] McLemore 3pt Shot: Made (9 PTS) Assist: Westbrook (5 AST)","-201","167","3","0","1","1","","1610612745","203463","62","55","201566","1610612745","2780000","0021900346"
"195","2st","282","02:14","[SAC] Joseph Pullup Jump shot: Missed","5","214","2","0","79","2","","1610612758","202709","62","55","","1610612758","2800000","0021900346"
"196","2st","283","02:13","[HOU] Clark Rebound (Off:0 Def:1)","5","214","0","0","0","4","","1610612745","1629109","62","55","","1610612758","2810000","0021900346"
"197","2st","284","01:53","[HOU] Tucker 3pt Shot: Missed","230","1","3","0","1","2","","1610612745","200782","62","55","","1610612745","2820000","0021900346"
"198","2st","285","01:51","[SAC] Hield Rebound (Off:0 Def:2)","230","1","0","0","0","4","","1610612758","1627741","62","55","","1610612745","2830000","0021900346"
"199","2st","286","01:40","[SAC 57-62] Bogdanovic Pullup Jump shot: Made (5 PTS) Assist: Hield (2 AST)","-92","29","2","0","79","1","","1610612758","203992","62","57","1627741","1610612758","2840000","0021900346"
"200","2st","288","01:40","[HOU] Tucker Foul: Shooting (3 PF) (1 FTA) (M Myers)","-92","29","0","0","2","6","203992","1610612745","200782","62","57","","1610612758","2860000","0021900346"
"201","2st","290","01:40","[SAC] Bogdanovic Free Throw 1 of 1 Missed","0","-80","2","0","10","3","","1610612758","203992","62","57","","1610612758","2880000","0021900346"
"202","2st","291","01:40","[HOU] Tucker Rebound (Off:2 Def:7)","0","-80","0","0","0","4","","1610612745","200782","62","57","","1610612758","2880001","0021900346"
"203","2st","292","01:30","[HOU] McLemore 3pt Shot: Missed","-220","169","3","0","1","2","","1610612745","203463","62","57","","1610612745","2900000","0021900346"
"204","2st","293","01:28","[SAC] Joseph Rebound (Off:0 Def:1)","-220","169","0","0","0","4","","1610612758","202709","62","57","","1610612745","2910000","0021900346"
"205","2st","294","01:21","[SAC] Barnes 3pt Shot: Missed","228","30","3","0","1","2","","1610612758","203084","62","57","","1610612758","2920000","0021900346"
"206","2st","295","01:19","[HOU] Tucker Rebound (Off:2 Def:8)","228","30","0","0","0","4","","1610612745","200782","62","57","","1610612758","2930000","0021900346"
"207","2st","296","01:10","[HOU] McLemore 3pt Shot: Missed","237","-6","3","0","1","2","","1610612745","203463","62","57","","1610612745","2940000","0021900346"
"208","2st","297","01:07","[HOU] Tucker Rebound (Off:3 Def:8)","237","-6","1","0","0","4","","1610612745","200782","62","57","","1610612745","2950000","0021900346"
"209","2st","310","01:07","[HOU] Tucker Turnover : Out of Bounds - Bad Pass Turnover (1 TO)","-212","337","0","0","45","5","","1610612745","200782","62","57","","1610612745","2955000","0021900346"
"210","2st","299","00:48.4","[SAC] Barnes 3pt Shot: Missed","229","30","3","0","1","2","","1610612758","203084","62","57","","1610612758","2970000","0021900346"
"211","2st","300","00:45.8","[HOU] Harden Rebound (Off:0 Def:1)","229","30","0","0","0","4","","1610612745","201935","62","57","","1610612758","2980000","0021900346"
"212","2st","301","00:40.1","[HOU] Harden Driving Layup Shot: Missed","0","19","2","0","6","2","1626158","1610612745","201935","62","57","","1610612745","2990000","0021900346"
"213","2st","303","00:39.5","[SAC] Joseph Rebound (Off:0 Def:2)","0","19","0","0","0","4","","1610612758","202709","62","57","","1610612745","3010000","0021900346"
"214","2st","304","00:34.2","[SAC 59-62] Hield Driving Floating Bank Jump Shot: Made (10 PTS)","-22","3","2","1","102","1","","1610612758","1627741","62","59","","1610612758","3020000","0021900346"
"215","2st","305","00:28.6","[HOU 64-59] Westbrook Turnaround Fadeaway shot: Made (16 PTS)","-82","9","2","0","86","1","","1610612745","201566","64","59","","1610612745","3030000","0021900346"
"216","2st","306","00:08.7","[SAC] Hield 3pt Shot: Missed","2","280","3","0","79","2","","1610612758","1627741","64","59","","1610612758","3040000","0021900346"
"217","2st","307","00:06.8","[HOU] Westbrook Rebound (Off:0 Def:3)","2","280","0","0","0","4","","1610612745","201566","64","59","","1610612758","3050000","0021900346"
"218","2st","308","00:00.2","[HOU] Harden 3pt Shot: Missed","55","277","3","0","79","2","","1610612745","201935","64","59","","1610612745","3060000","0021900346"
"219","2st","309","00:00.2","[HOU] Team Rebound","55","277","1","0","0","4","","1610612745","0","64","59","","1610612745","3070000","0021900346"
"220","2st","311","00:00.0","End Period","0","-80","0","0","0","13","","0","0","64","59","","1610612745","3080000","0021900346"
"221","3st","318","12:00","Start Period","0","-80","0","0","0","12","","0","0","64","59","","1610612758","3150000","0021900346"
"222","3st","319","11:38","[SAC] Hield Turnover : Lost Ball (4 TO) Steal:Harden (1 ST)","119","96","1","0","2","5","201935","1610612758","1627741","64","59","","1610612758","3160000","0021900346"
"223","3st","321","11:28","[HOU] House Jr. 3pt Shot: Missed","225","138","3","0","1","2","","1610612745","1627863","64","59","","1610612745","3180000","0021900346"
"224","3st","322","11:24","[SAC] Hield Rebound (Off:0 Def:3)","225","138","0","0","0","4","","1610612758","1627741","64","59","","1610612745","3190000","0021900346"
"225","3st","323","11:19","[SAC] Joseph Running Layup Shot: Missed","16","-7","2","1","41","2","1627863","1610612758","202709","64","59","","1610612758","3200000","0021900346"
"226","3st","325","11:16","[SAC] Holmes Rebound (Off:1 Def:4)","16","-7","1","0","0","4","","1610612758","1626158","64","59","","1610612758","3220000","0021900346"
"227","3st","326","11:16","[SAC 61-64] Holmes Putback Dunk Shot: Made (8 PTS)","11","-4","2","0","87","1","","1610612758","1626158","64","61","","1610612758","3230000","0021900346"
"228","3st","327","11:01","[HOU] House Jr. 3pt Shot: Missed","-130","226","3","0","1","2","","1610612745","1627863","64","61","","1610612745","3240000","0021900346"
"229","3st","328","10:59","[SAC] Barnes Rebound (Off:0 Def:3)","-130","226","0","0","0","4","","1610612758","203084","64","61","","1610612745","3250000","0021900346"
"230","3st","329","10:53","[HOU] Harden Foul: Personal (1 PF) (M Ervin)","3","122","0","0","1","6","1626158","1610612745","201935","64","61","","1610612758","3260000","0021900346"
"231","3st","331","10:49","[SAC] Barnes Turnover : Bad Pass (2 TO) Steal:Harden (2 ST)","-136","242","1","0","1","5","201935","1610612758","203084","64","61","","1610612758","3280000","0021900346"
"232","3st","333","10:39","[HOU] Harden 3pt Shot: Missed","172","205","3","0","80","2","","1610612745","201935","64","61","","1610612745","3300000","0021900346"
"233","3st","334","10:37","[SAC] Barnes Rebound (Off:0 Def:4)","172","205","0","0","0","4","","1610612758","203084","64","61","","1610612745","3310000","0021900346"
"234","3st","335","10:21","[HOU] Westbrook Foul: Shooting (2 PF) (2 FTA) (M Myers)","14","21","0","0","2","6","1626158","1610612745","201566","64","61","","1610612758","3320000","0021900346"
"235","3st","337","10:21","[SAC 62-64] Holmes Free Throw 1 of 2 (9 PTS)","0","-80","1","0","11","3","","1610612758","1626158","64","62","","1610612758","3340000","0021900346"
"236","3st","338","10:21","[SAC 63-64] Holmes Free Throw 2 of 2 (10 PTS)","0","-80","1","0","12","3","","1610612758","1626158","64","63","","1610612758","3350000","0021900346"
"237","3st","339","10:10","[HOU 67-63] House Jr. 3pt Shot: Made (3 PTS) Assist: Tucker (1 AST)","234","123","3","0","1","1","","1610612745","1627863","67","63","200782","1610612745","3360000","0021900346"
"238","3st","341","09:53","[SAC 65-67] Holmes Cutting Dunk Shot: Made (12 PTS) Assist: Bjelica (4 AST)","9","10","2","0","108","1","","1610612758","1626158","67","65","202357","1610612758","3380000","0021900346"
"239","3st","343","09:32","[HOU 69-65] Tucker Driving Floating Jump Shot: Made (10 PTS) Assist: House Jr. (2 AST)","-40","118","2","0","101","1","","1610612745","200782","69","65","1627863","1610612745","3400000","0021900346"
"240","3st","345","09:21","[SAC 68-69] Hield 3pt Shot: Made (13 PTS)","64","246","3","0","79","1","","1610612758","1627741","69","68","","1610612758","3420000","0021900346"
"241","3st","346","09:10","[SAC] Bjelica Foul: Personal (2 PF) (K Mauer)","-6","49","0","0","1","6","203991","1610612758","202357","69","68","","1610612745","3430000","0021900346"
"242","3st","348","09:04","[HOU] Harden 3pt Shot: Missed","-236","5","3","0","80","2","","1610612745","201935","69","68","","1610612745","3450000","0021900346"
"243","3st","349","09:02","[SAC] Barnes Rebound (Off:0 Def:5)","-236","5","0","0","0","4","","1610612758","203084","69","68","","1610612745","3460000","0021900346"
"244","3st","351","08:59","[SAC] Barnes Turnover : Bad Pass (3 TO) Steal:Westbrook (2 ST)","93","534","1","0","1","5","201566","1610612758","203084","69","68","","1610612758","3480000","0021900346"
"245","3st","353","08:54","[HOU 72-68] Harden 3pt Shot: Made (15 PTS) Assist: Westbrook (6 AST)","-236","73","3","0","1","1","","1610612745","201935","72","68","201566","1610612745","3500000","0021900346"
"246","3st","355","08:37","Stoppage: Out-of-Bounds","0","-80","0","0","3","20","","0","0","72","68","","1610612758","3520000","0021900346"
"247","3st","356","08:31","[SAC] Joseph Pullup Jump shot: Missed","5","189","2","0","79","2","","1610612758","202709","72","68","","1610612758","3530000","0021900346"
"248","3st","357","08:28","[HOU] Capela Rebound (Off:1 Def:7)","5","189","0","0","0","4","","1610612745","203991","72","68","","1610612758","3540000","0021900346"
"249","3st","358","08:23","[HOU] Westbrook Turnover : Bad Pass (4 TO) Steal:Holmes (3 ST)","-27","139","1","0","1","5","1626158","1610612745","201566","72","68","","1610612745","3550000","0021900346"
"250","3st","360","08:18","[SAC 71-72] Hield 3pt Shot: Made (16 PTS)","-159","222","3","1","79","1","","1610612758","1627741","72","71","","1610612758","3570000","0021900346"
"251","3st","361","07:56","[HOU] House Jr. 3pt Shot: Missed","221","144","3","0","1","2","","1610612745","1627863","72","71","","1610612745","3580000","0021900346"
"252","3st","362","07:54","[SAC] Hield Rebound (Off:0 Def:4)","221","144","0","0","0","4","","1610612758","1627741","72","71","","1610612745","3590000","0021900346"
"253","3st","363","07:47","[SAC] Hield 3pt Shot: Missed","-116","287","3","0","79","2","","1610612758","1627741","72","71","","1610612758","3600000","0021900346"
"254","3st","364","07:45","[SAC] Joseph Rebound (Off:1 Def:2)","-116","287","1","0","0","4","","1610612758","202709","72","71","","1610612758","3610000","0021900346"
"255","3st","365","07:43","[SAC] Joseph Pullup Jump shot: Missed","-70","143","2","0","79","2","","1610612758","202709","72","71","","1610612758","3620000","0021900346"
"256","3st","366","07:40","[SAC] Holmes Rebound (Off:2 Def:4)","-70","143","1","0","0","4","","1610612758","1626158","72","71","","1610612758","3630000","0021900346"
"257","3st","367","07:39","[SAC 73-72] Holmes Tip Layup Shot: Made (14 PTS)","0","-5","2","0","97","1","","1610612758","1626158","72","73","","1610612758","3640000","0021900346"
"258","3st","368","07:31","[HOU] Harden Driving Layup Shot: Missed","-22","15","2","0","6","2","","1610612745","201935","72","73","","1610612745","3650000","0021900346"
"259","3st","369","07:29","[SAC] Bjelica Rebound (Off:1 Def:3)","-22","15","0","0","0","4","","1610612758","202357","72","73","","1610612745","3660000","0021900346"
"260","3st","370","07:12","[HOU] House Jr. Foul: Shooting (1 PF) (2 FTA) (K Mauer)","-29","14","0","0","2","6","203084","1610612745","1627863","72","73","","1610612758","3670000","0021900346"
"261","3st","372","07:12","[SAC 74-72] Barnes Free Throw 1 of 2 (10 PTS)","0","-80","1","0","11","3","","1610612758","203084","72","74","","1610612758","3690000","0021900346"
"262","3st","373","07:12","[HOU] House Jr. Substitution replaced by McLemore","0","-80","0","0","0","8","","1610612745","1627863","72","74","203463","1610612758","3700000","0021900346"
"263","3st","375","07:12","[SAC 75-72] Barnes Free Throw 2 of 2 (11 PTS)","0","-80","1","0","12","3","","1610612758","203084","72","75","","1610612758","3720000","0021900346"
"264","3st","376","07:02","[HOU] McLemore 3pt Shot: Missed","-228","17","3","0","1","2","","1610612745","203463","72","75","","1610612745","3730000","0021900346"
"265","3st","377","07:00","[HOU] Capela Rebound (Off:2 Def:7)","-228","17","1","0","0","4","","1610612745","203991","72","75","","1610612745","3740000","0021900346"
"266","3st","378","06:52","[HOU] Westbrook 3pt Shot: Missed","-227","55","3","0","79","2","","1610612745","201566","72","75","","1610612745","3750000","0021900346"
"267","3st","379","06:52","[HOU] Team Rebound","-227","55","1","0","0","4","","1610612745","0","72","75","","1610612745","3760000","0021900346"
"268","3st","380","06:52","[SAC] Holmes Foul: Loose Ball (2 PF) (K Mauer)","-2","46","0","0","3","6","200782","1610612758","1626158","72","75","","1610612745","3770000","0021900346"
"269","3st","382","06:52","[HOU] Team Timeout : Regular","0","-80","0","0","1","9","","1610612745","1610612745","72","75","","1610612745","3790000","0021900346"
"270","3st","383","06:52","[SAC] Barnes Substitution replaced by Bogdanovic","0","-80","0","0","0","8","","1610612758","203084","72","75","203992","1610612745","3800000","0021900346"
"271","3st","385","06:49","[SAC] Bjelica Foul: Shooting (3 PF) (2 FTA) (M Myers)","38","107","0","0","2","6","201566","1610612758","202357","72","75","","1610612745","3820000","0021900346"
"272","3st","387","06:49","[HOU 73-75] Westbrook Free Throw 1 of 2 (17 PTS)","0","-80","1","0","11","3","","1610612745","201566","73","75","","1610612745","3840000","0021900346"
"273","3st","388","06:49","[HOU 74-75] Westbrook Free Throw 2 of 2 (18 PTS)","0","-80","1","0","12","3","","1610612745","201566","74","75","","1610612745","3850000","0021900346"
"274","3st","389","06:27","[SAC] Bjelica Turnaround Fadeaway shot: Missed","114","74","2","0","86","2","","1610612758","202357","74","75","","1610612758","3860000","0021900346"
"275","3st","390","06:25","[HOU] Tucker Rebound (Off:3 Def:9)","114","74","0","0","0","4","","1610612745","200782","74","75","","1610612758","3870000","0021900346"
"276","3st","391","06:09","[HOU 76-75] Westbrook Driving Layup Shot: Made (20 PTS) Assist: Harden (3 AST)","-22","7","2","0","6","1","","1610612745","201566","76","75","201935","1610612745","3880000","0021900346"
"277","3st","393","05:49","[SAC] Joseph 3pt Shot: Missed","-231","57","3","0","1","2","","1610612758","202709","76","75","","1610612758","3900000","0021900346"
"278","3st","394","05:47","[HOU] Tucker Rebound (Off:3 Def:10)","-231","57","0","0","0","4","","1610612745","200782","76","75","","1610612758","3910000","0021900346"
"279","3st","395","05:38","[HOU 78-75] Harden Driving Floating Jump Shot: Made (17 PTS)","20","81","2","0","101","1","","1610612745","201935","78","75","","1610612745","3920000","0021900346"
"280","3st","396","05:21","[SAC] Bjelica 3pt Shot: Missed","25","293","3","0","1","2","","1610612758","202357","78","75","","1610612758","3930000","0021900346"
"281","3st","397","05:20","[HOU] Tucker Rebound (Off:3 Def:11)","25","293","0","0","0","4","","1610612745","200782","78","75","","1610612758","3940000","0021900346"
"282","3st","398","05:13","[HOU] Tucker 3pt Shot: Missed","206","167","3","0","1","2","","1610612745","200782","78","75","","1610612745","3950000","0021900346"
"283","3st","399","05:11","[HOU] Capela Rebound (Off:3 Def:7)","206","167","1","0","0","4","","1610612745","203991","78","75","","1610612745","3960000","0021900346"
"284","3st","400","05:11","[SAC] Holmes Foul: Shooting (3 PF) (2 FTA) (M Ervin)","7","42","0","0","2","6","203991","1610612758","1626158","78","75","","1610612745","3970000","0021900346"
"285","3st","402","05:11","[HOU] Capela Free Throw 1 of 2 Missed","0","-80","2","0","11","3","","1610612745","203991","78","75","","1610612745","3990000","0021900346"
"286","3st","403","05:11","[HOU] Team Rebound","0","-80","1","0","1","4","","1610612745","0","78","75","","1610612745","3990001","0021900346"
"287","3st","404","05:11","[HOU] Westbrook Substitution replaced by House Jr.","0","-80","0","0","0","8","","1610612745","201566","78","75","1627863","1610612745","4010000","0021900346"
"288","3st","406","05:11","[HOU 79-75] Capela Free Throw 2 of 2 (9 PTS)","0","-80","1","0","12","3","","1610612745","203991","79","75","","1610612745","4030000","0021900346"
"289","3st","407","04:51","[SAC 77-79] Hield Fadeaway Jump Shot: Made (18 PTS)","95","126","2","0","63","1","","1610612758","1627741","79","77","","1610612758","4040000","0021900346"
"290","3st","408","04:36","[HOU 82-77] House Jr. 3pt Shot: Made (6 PTS) Assist: McLemore (4 AST)","230","50","3","0","1","1","","1610612745","1627863","82","77","203463","1610612745","4050000","0021900346"
"291","3st","412","04:13","[HOU] Harden Violation:Kicked Ball (M Ervin)","0","-80","0","0","5","7","","1610612745","201935","82","77","","1610612758","4090000","0021900346"
"292","3st","413","04:13","[SAC] Team Timeout : Regular","0","-80","0","0","1","9","","1610612758","1610612758","82","77","","1610612758","4100000","0021900346"
"293","3st","414","04:13","[HOU] Capela Substitution replaced by Clark","0","-80","0","0","0","8","","1610612745","203991","82","77","1629109","1610612758","4110000","0021900346"
"294","3st","415","04:13","[SAC] Bjelica Substitution replaced by Ariza","0","-80","0","0","0","8","","1610612758","202357","82","77","2772","1610612758","4120000","0021900346"
"295","3st","418","03:59","[SAC] Hield Pullup Jump shot: Missed","13","211","2","0","79","2","","1610612758","1627741","82","77","","1610612758","4150000","0021900346"
"296","3st","419","03:57","[HOU] McLemore Rebound (Off:0 Def:1)","13","211","0","0","0","4","","1610612745","203463","82","77","","1610612758","4160000","0021900346"
"297","3st","420","03:49","[HOU] Harden Turnover : Bad Pass (2 TO) Steal:Holmes (4 ST)","-11","56","1","0","1","5","1626158","1610612745","201935","82","77","","1610612745","4170000","0021900346"
"298","3st","422","03:45","[HOU] McLemore Foul: Shooting (2 PF) (2 FTA) (M Ervin)","-17","29","0","0","2","6","1626158","1610612745","203463","82","77","","1610612758","4190000","0021900346"
"299","3st","424","03:45","[SAC 78-82] Holmes Free Throw 1 of 2 (15 PTS)","0","-80","1","1","11","3","","1610612758","1626158","82","78","","1610612758","4210000","0021900346"
"300","3st","425","03:45","[SAC 79-82] Holmes Free Throw 2 of 2 (16 PTS)","0","-80","1","1","12","3","","1610612758","1626158","82","79","","1610612758","4220000","0021900346"
"301","3st","426","03:32","[HOU] Harden Turnover : Out of Bounds - Bad Pass Turnover (3 TO)","-231","94","0","0","45","5","","1610612745","201935","82","79","","1610612745","4230000","0021900346"
"302","3st","427","03:12","[SAC 82-82] Bogdanovic 3pt Shot: Made (8 PTS) Assist: Hield (3 AST)","-213","192","3","0","1","1","","1610612758","203992","82","82","1627741","1610612758","4240000","0021900346"
"303","3st","429","02:48","[HOU 85-82] House Jr. 3pt Shot: Made (9 PTS) Assist: Harden (4 AST)","225","98","3","0","80","1","","1610612745","1627863","85","82","201935","1610612745","4260000","0021900346"
"304","3st","431","02:22","[SAC 84-85] Bogdanovic Pullup Jump shot: Made (10 PTS) Assist: Ariza (4 AST)","-33","108","2","0","79","1","","1610612758","203992","85","84","2772","1610612758","4280000","0021900346"
"305","3st","432","02:09","[HOU 87-84] Harden Driving Floating Jump Shot: Made (19 PTS)","19","86","2","0","101","1","","1610612745","201935","87","84","","1610612745","4290000","0021900346"
"306","3st","434","01:51","[SAC] Ariza Jump Shot: Missed","199","79","2","0","1","2","","1610612758","2772","87","84","","1610612758","4300000","0021900346"
"307","3st","435","01:49","[HOU] Harden Rebound (Off:0 Def:2)","199","79","0","0","0","4","","1610612745","201935","87","84","","1610612758","4310000","0021900346"
"308","3st","436","01:41","[SAC] Ariza Foul: Personal (3 PF) (2 FTA) (K Mauer)","62","239","1","0","1","6","201935","1610612758","2772","87","84","","1610612745","4320000","0021900346"
"309","3st","438","01:41","[HOU 88-84] Harden Free Throw 1 of 2 (20 PTS)","0","-80","1","0","11","3","","1610612745","201935","88","84","","1610612745","4340000","0021900346"
"310","3st","439","01:41","[HOU] Tucker Substitution replaced by Westbrook","0","-80","0","0","0","8","","1610612745","200782","88","84","201566","1610612745","4350000","0021900346"
"311","3st","440","01:41","[SAC] Holmes Substitution replaced by Barnes","0","-80","0","0","0","8","","1610612758","1626158","88","84","203084","1610612745","4360000","0021900346"
"312","3st","443","01:41","[HOU 89-84] Harden Free Throw 2 of 2 (21 PTS)","0","-80","1","0","12","3","","1610612745","201935","89","84","","1610612745","4390000","0021900346"
"313","3st","444","01:29","[HOU] House Jr. Foul: Personal (2 PF) (2 FTA) (K Mauer)","93","27","1","0","1","6","203084","1610612745","1627863","89","84","","1610612758","4400000","0021900346"
"314","3st","446","01:29","[SAC 85-89] Barnes Free Throw 1 of 2 (12 PTS)","0","-80","1","0","11","3","","1610612758","203084","89","85","","1610612758","4420000","0021900346"
"315","3st","447","01:29","[SAC 86-89] Barnes Free Throw 2 of 2 (13 PTS)","0","-80","1","0","12","3","","1610612758","203084","89","86","","1610612758","4430000","0021900346"
"316","3st","448","01:17","[HOU 91-86] Westbrook Driving Finger Roll Layup Shot: Made (22 PTS) Assist: Harden (5 AST)","-4","50","2","0","75","1","","1610612745","201566","91","86","201935","1610612745","4440000","0021900346"
"317","3st","450","00:52.9","[SAC 89-91] Hield 3pt Shot: Made (21 PTS)","101","246","3","0","79","1","","1610612758","1627741","91","89","","1610612758","4460000","0021900346"
"318","3st","452","00:44.1","[HOU] Harden Foul: Offensive (2 PF)","-11","255","0","0","4","6","202709","1610612745","201935","91","89","","1610612745","4480000","0021900346"
"319","3st","454","00:44.1","[HOU] Harden Turnover : Offensive Foul Turnover (4 TO)","-11","255","0","0","37","5","","1610612745","201935","91","89","","1610612745","4500000","0021900346"
"320","3st","455","00:44.1","[HOU] Team Timeout : Regular","0","-80","0","0","1","9","","1610612745","1610612745","91","89","","1610612758","4510000","0021900346"
"321","3st","456","00:44.1","Instant Replay - Challenge - Support Ruling","0","-80","0","0","4","18","","1610612745","0","91","89","","1610612758","4520000","0021900346"
"322","3st","459","00:38.4","[SAC 91-91] Joseph Driving Layup Shot: Made (11 PTS)","15","-4","2","0","6","1","","1610612758","202709","91","91","","1610612758","4550000","0021900346"
"323","3st","460","00:38.4","[HOU] Westbrook Foul: Shooting (3 PF) (1 FTA) (M Ervin)","15","-4","1","0","2","6","202709","1610612745","201566","91","91","","1610612758","4560000","0021900346"
"324","3st","462","00:38.4","[SAC 92-91] Joseph Free Throw 1 of 1 (12 PTS)","0","-80","1","0","10","3","","1610612758","202709","91","92","","1610612758","4580000","0021900346"
"325","3st","457","00:38.4","[SAC] Hield Substitution replaced by Holmes","0","-80","0","0","0","8","","1610612758","1627741","91","92","1626158","1610612745","4585000","0021900346"
"326","3st","464","00:32.0","[SAC] Ariza Foul: Personal (4 PF) (2 FTA) (M Myers)","85","238","1","0","1","6","201935","1610612758","2772","91","92","","1610612745","4600000","0021900346"
"327","3st","466","00:32.0","[SAC] Team Timeout : Regular","0","-80","0","0","1","9","","1610612758","1610612758","91","92","","1610612745","4620000","0021900346"
"328","3st","467","00:32.0","Instant Replay - Challenge - Support Ruling","0","-80","0","0","4","18","","1610612758","0","91","92","","1610612745","4630000","0021900346"
"329","3st","468","00:32.0","[SAC] Holmes Substitution replaced by Hield","0","-80","0","0","0","8","","1610612758","1626158","91","92","1627741","1610612745","4640000","0021900346"
"330","3st","471","00:32.0","[HOU 92-92] Harden Free Throw 1 of 2 (22 PTS)","0","-80","1","0","11","3","","1610612745","201935","92","92","","1610612745","4670000","0021900346"
"331","3st","472","00:32.0","[HOU 93-92] Harden Free Throw 2 of 2 (23 PTS)","0","-80","1","0","12","3","","1610612745","201935","93","92","","1610612745","4680000","0021900346"
"332","3st","473","00:21.3","[HOU] Harden Foul: Shooting (3 PF) (2 FTA) (M Ervin)","10","68","1","0","2","6","203084","1610612745","201935","93","92","","1610612758","4690000","0021900346"
"333","3st","475","00:21.3","[SAC 93-93] Barnes Free Throw 1 of 2 (14 PTS)","0","-80","1","0","11","3","","1610612758","203084","93","93","","1610612758","4710000","0021900346"
"334","3st","476","00:21.3","[SAC 94-93] Barnes Free Throw 2 of 2 (15 PTS)","0","-80","1","0","12","3","","1610612758","203084","93","94","","1610612758","4720000","0021900346"
"335","3st","477","00:05.8","[HOU] Harden Turnover : Lost Ball (5 TO) Steal:Ariza (1 ST)","-4","250","1","0","2","5","2772","1610612745","201935","93","94","","1610612745","4730000","0021900346"
"336","3st","479","00:01.2","[SAC] Bogdanovic 3pt Shot: Missed","192","173","3","1","79","2","","1610612758","203992","93","94","","1610612758","4750000","0021900346"
"337","3st","480","00:01.2","[HOU] McLemore Rebound (Off:0 Def:2)","192","173","0","0","0","4","","1610612745","203463","93","94","","1610612758","4760000","0021900346"
"338","3st","481","00:00.0","End Period","0","-80","0","0","0","13","","0","0","93","94","","1610612745","4770000","0021900346"
"339","4st","488","12:00","Start Period","0","-80","0","0","0","12","","0","0","93","94","","1610612745","4840000","0021900346"
"340","4st","489","11:42","[HOU] Westbrook Turnover : Bad Pass (5 TO) Steal:Bjelica (3 ST)","16","115","1","0","1","5","202357","1610612745","201566","93","94","","1610612745","4850000","0021900346"
"341","4st","491","11:20","[SAC] Barnes 3pt Shot: Missed","-236","29","3","0","1","2","","1610612758","203084","93","94","","1610612758","4870000","0021900346"
"342","4st","492","11:18","[HOU] Capela Rebound (Off:3 Def:8)","-236","29","0","0","0","4","","1610612745","203991","93","94","","1610612758","4880000","0021900346"
"343","4st","493","11:10","[HOU] Capela Turnover : Traveling (2 TO)","-57","20","0","0","4","5","","1610612745","203991","93","94","","1610612745","4890000","0021900346"
"344","4st","494","11:00","[SAC] Bjelica Turnover : Out of Bounds Lost Ball Turnover (2 TO)","-225","4","0","0","40","5","","1610612758","202357","93","94","","1610612758","4900000","0021900346"
"345","4st","495","10:54","[SAC] Bogdanovic Foul: Shooting (2 PF) (2 FTA) (M Ervin)","36","117","0","0","2","6","201566","1610612758","203992","93","94","","1610612745","4910000","0021900346"
"346","4st","497","10:54","[HOU] Westbrook Free Throw 1 of 2 Missed","0","-80","2","0","11","3","","1610612745","201566","93","94","","1610612745","4930000","0021900346"
"347","4st","498","10:54","[HOU] Team Rebound","0","-80","1","0","1","4","","1610612745","0","93","94","","1610612745","4930001","0021900346"
"348","4st","499","10:54","[HOU 94-94] Westbrook Free Throw 2 of 2 (23 PTS)","0","-80","1","0","12","3","","1610612745","201566","94","94","","1610612745","4950000","0021900346"
"349","4st","500","10:36","[SAC 96-94] Bjelica Cutting Layup Shot: Made (11 PTS) Assist: Ariza (5 AST)","-11","-1","2","0","98","1","","1610612758","202357","94","96","2772","1610612758","4960000","0021900346"
"350","4st","502","10:22","[HOU 96-96] House Jr. Driving Layup Shot: Made (11 PTS) Assist: Westbrook (7 AST)","-10","7","2","0","6","1","","1610612745","1627863","96","96","201566","1610612745","4980000","0021900346"
"351","4st","504","10:10","[HOU] House Jr. Foul: Personal (3 PF) (M Myers)","-3","201","0","0","1","6","2772","1610612745","1627863","96","96","","1610612758","5e+06","0021900346"
"352","4st","506","10:04","[HOU] House Jr. Foul: Personal (4 PF) (K Mauer)","-77","48","0","0","1","6","203084","1610612745","1627863","96","96","","1610612758","5020000","0021900346"
"353","4st","508","09:56","[SAC 99-96] Bjelica 3pt Shot: Made (14 PTS) Assist: Ariza (6 AST)","-153","229","3","0","1","1","","1610612758","202357","96","99","2772","1610612758","5040000","0021900346"
"354","4st","510","09:44","[HOU] Westbrook Turnover : Bad Pass (6 TO) Steal:Barnes (1 ST)","-20","133","1","0","1","5","203084","1610612745","201566","96","99","","1610612745","5060000","0021900346"
"355","4st","512","09:40","[SAC] Ferrell Running Layup Shot: Missed","-17","3","2","1","41","2","1629109","1610612758","1627812","96","99","","1610612758","5080000","0021900346"
"356","4st","514","09:37","[SAC] Barnes Rebound (Off:1 Def:5)","-17","3","1","0","0","4","","1610612758","203084","96","99","","1610612758","5100000","0021900346"
"357","4st","515","09:30","[SAC] Ariza 3pt Shot: Missed","-112","245","3","0","1","2","","1610612758","2772","96","99","","1610612758","5110000","0021900346"
"358","4st","516","09:28","[HOU] Clark Rebound (Off:0 Def:2)","-112","245","0","0","0","4","","1610612745","1629109","96","99","","1610612758","5120000","0021900346"
"359","4st","517","09:18","[HOU] Clark 3pt Shot: Missed","-111","241","3","0","1","2","","1610612745","1629109","96","99","","1610612745","5130000","0021900346"
"360","4st","518","09:14","[HOU] McLemore Rebound (Off:1 Def:2)","-111","241","1","0","0","4","","1610612745","203463","96","99","","1610612745","5140000","0021900346"
"361","4st","519","09:10","[HOU] House Jr. 3pt Shot: Missed","199","180","3","0","1","2","","1610612745","1627863","96","99","","1610612745","5150000","0021900346"
"362","4st","520","09:07","[HOU] Capela Rebound (Off:4 Def:8)","199","180","1","0","0","4","","1610612745","203991","96","99","","1610612745","5160000","0021900346"
"363","4st","521","09:02","[HOU] House Jr. Turnover : Bad Pass (2 TO) Steal:Ariza (2 ST)","81","218","1","0","1","5","2772","1610612745","1627863","96","99","","1610612745","5170000","0021900346"
"364","4st","523","09:01","[HOU] Westbrook Foul: Personal (4 PF) (M Myers)","71","12","0","0","1","6","2772","1610612745","201566","96","99","","1610612758","5190000","0021900346"
"365","4st","525","09:01","[SAC] Barnes Substitution replaced by Holmes","0","-80","0","0","0","8","","1610612758","203084","96","99","1626158","1610612758","5210000","0021900346"
"366","4st","527","08:40","[SAC 102-96] Ferrell 3pt Shot: Made (6 PTS) Assist: Ariza (7 AST)","-160","216","3","0","1","1","","1610612758","1627812","96","102","2772","1610612758","5230000","0021900346"
"367","4st","529","08:27","[HOU] House Jr. 3pt Shot: Missed","234","55","3","0","1","2","","1610612745","1627863","96","102","","1610612745","5250000","0021900346"
"368","4st","530","08:24","[HOU] Capela Rebound (Off:5 Def:8)","234","55","1","0","0","4","","1610612745","203991","96","102","","1610612745","5260000","0021900346"
"369","4st","531","08:22","[HOU] Westbrook 3pt Shot: Missed","141","254","3","0","1","2","","1610612745","201566","96","102","","1610612745","5270000","0021900346"
"370","4st","532","08:20","[SAC] Bogdanovic Rebound (Off:0 Def:2)","141","254","0","0","0","4","","1610612758","203992","96","102","","1610612745","5280000","0021900346"
"371","4st","533","08:15","[SAC] Ferrell 3pt Shot: Missed","231","-1","3","1","1","2","","1610612758","1627812","96","102","","1610612758","5290000","0021900346"
"372","4st","534","08:13","[HOU] Capela Rebound (Off:5 Def:9)","231","-1","0","0","0","4","","1610612745","203991","96","102","","1610612758","5300000","0021900346"
"373","4st","535","08:07","[HOU 98-102] Westbrook Running Layup Shot: Made (25 PTS)","22","8","2","1","41","1","","1610612745","201566","98","102","","1610612745","5310000","0021900346"
"374","4st","536","08:07","[SAC] Holmes Violation:Defensive Goaltending (M Ervin)","0","-80","0","0","2","7","","1610612758","1626158","98","102","","1610612745","5320000","0021900346"
"375","4st","537","07:57","[HOU] Westbrook Foul: Personal (5 PF) (K Mauer)","-12","25","0","0","1","6","1626158","1610612745","201566","98","102","","1610612758","5330000","0021900346"
"376","4st","539","07:57","[HOU] Westbrook Substitution replaced by Tucker","0","-80","0","0","0","8","","1610612745","201566","98","102","200782","1610612758","5350000","0021900346"
"377","4st","540","07:57","[HOU] House Jr. Substitution replaced by Harden","0","-80","0","0","0","8","","1610612745","1627863","98","102","201935","1610612758","5360000","0021900346"
"378","4st","543","07:50","[SAC] Bjelica 3pt Shot: Missed","-204","163","3","0","1","2","","1610612758","202357","98","102","","1610612758","5390000","0021900346"
"379","4st","544","07:47","[HOU] Capela Rebound (Off:5 Def:10)","-204","163","0","0","0","4","","1610612745","203991","98","102","","1610612758","5400000","0021900346"
"380","4st","545","07:39","[HOU] Harden 3pt Shot: Missed","139","264","3","0","80","2","","1610612745","201935","98","102","","1610612745","5410000","0021900346"
"381","4st","546","07:39","[HOU] Team Rebound","139","264","1","0","0","4","","1610612745","0","98","102","","1610612745","5420000","0021900346"
"382","4st","547","07:39","[SAC] Bjelica Foul: Loose Ball (4 PF) (M Myers)","12","67","0","0","3","6","200782","1610612758","202357","98","102","","1610612745","5430000","0021900346"
"383","4st","549","07:39","[SAC] Ferrell Substitution replaced by Joseph","0","-80","0","0","0","8","","1610612758","1627812","98","102","202709","1610612745","5450000","0021900346"
"384","4st","551","07:34","[HOU] Clark Driving Layup Shot: Missed","-4","45","2","0","6","2","","1610612745","1629109","98","102","","1610612745","5470000","0021900346"
"385","4st","552","07:33","[SAC] Holmes Rebound (Off:2 Def:5)","-4","45","0","0","0","4","","1610612758","1626158","98","102","","1610612745","5480000","0021900346"
"386","4st","553","07:20","[SAC] Bjelica Jump Shot: Missed","133","43","2","0","1","2","","1610612758","202357","98","102","","1610612758","5490000","0021900346"
"387","4st","554","07:18","[HOU] Capela Rebound (Off:5 Def:11)","133","43","0","0","0","4","","1610612745","203991","98","102","","1610612758","5500000","0021900346"
"388","4st","555","07:06","[HOU 100-102] Harden Driving Floating Jump Shot: Made (25 PTS)","-10","72","2","0","101","1","","1610612745","201935","100","102","","1610612745","5510000","0021900346"
"389","4st","556","06:50","[SAC 105-100] Bogdanovic 3pt Shot: Made (13 PTS)","-234","117","3","0","1","1","","1610612758","203992","100","105","","1610612758","5520000","0021900346"
"390","4st","557","06:21","[HOU 102-105] Capela Cutting Dunk Shot: Made (11 PTS) Assist: Harden (6 AST)","-13","3","2","0","108","1","","1610612745","203991","102","105","201935","1610612745","5530000","0021900346"
"391","4st","559","06:06","[SAC] Bogdanovic Driving Layup Shot: Missed","-3","6","2","0","6","2","","1610612758","203992","102","105","","1610612758","5550000","0021900346"
"392","4st","560","06:03","[HOU] Harden Rebound (Off:0 Def:3)","-3","6","0","0","0","4","","1610612745","201935","102","105","","1610612758","5560000","0021900346"
"393","4st","561","05:58","[HOU 104-105] Capela Cutting Layup Shot: Made (13 PTS) Assist: Harden (7 AST)","-10","12","2","1","98","1","","1610612745","203991","104","105","201935","1610612745","5570000","0021900346"
"394","4st","563","05:41","[SAC] Bogdanovic Driving Layup Shot: Missed","30","4","2","0","6","2","1629109","1610612758","203992","104","105","","1610612758","5590000","0021900346"
"395","4st","565","05:38","[HOU] Clark Rebound (Off:0 Def:3)","30","4","0","0","0","4","","1610612745","1629109","104","105","","1610612758","5610000","0021900346"
"396","4st","566","05:31","[HOU] McLemore 3pt Shot: Missed","228","162","3","0","1","2","","1610612745","203463","104","105","","1610612745","5620000","0021900346"
"397","4st","567","05:28","[SAC] Ariza Rebound (Off:1 Def:4)","228","162","0","0","0","4","","1610612758","2772","104","105","","1610612745","5630000","0021900346"
"398","4st","568","05:14","[SAC] Bjelica Turnaround Jump Shot: Missed","-35","15","2","0","47","2","203463","1610612758","202357","104","105","","1610612758","5640000","0021900346"
"399","4st","570","05:12","[HOU] Tucker Rebound (Off:3 Def:12)","-35","15","0","0","0","4","","1610612745","200782","104","105","","1610612758","5660000","0021900346"
"400","4st","571","05:09","[HOU] Harden Turnover : Lost Ball (6 TO) Steal:Joseph (1 ST)","-51","66","1","0","2","5","202709","1610612745","201935","104","105","","1610612745","5670000","0021900346"
"401","4st","573","04:56","[SAC] Team Timeout : Regular","0","-80","0","0","1","9","","1610612758","1610612758","104","105","","1610612758","5690000","0021900346"
"402","4st","574","04:56","[HOU] Clark Substitution replaced by Westbrook","0","-80","0","0","0","8","","1610612745","1629109","104","105","201566","1610612758","5700000","0021900346"
"403","4st","575","04:56","[HOU] McLemore Substitution replaced by House Jr.","0","-80","0","0","0","8","","1610612745","203463","104","105","1627863","1610612758","5710000","0021900346"
"404","4st","576","04:56","[SAC] Ariza Substitution replaced by Barnes","0","-80","0","0","0","8","","1610612758","2772","104","105","203084","1610612758","5720000","0021900346"
"405","4st","577","04:56","[SAC] Bogdanovic Substitution replaced by Hield","0","-80","0","0","0","8","","1610612758","203992","104","105","1627741","1610612758","5730000","0021900346"
"406","4st","582","04:48","[SAC] Bjelica 3pt Shot: Missed","162","235","3","0","1","2","","1610612758","202357","104","105","","1610612758","5780000","0021900346"
"407","4st","583","04:46","[HOU] Tucker Rebound (Off:3 Def:13)","162","235","0","0","0","4","","1610612745","200782","104","105","","1610612758","5790000","0021900346"
"408","4st","584","04:39","[SAC] Hield Foul: Shooting (3 PF) (2 FTA) (M Ervin)","22","114","0","0","2","6","201935","1610612758","1627741","104","105","","1610612745","5800000","0021900346"
"409","4st","586","04:39","[HOU 105-105] Harden Free Throw 1 of 2 (26 PTS)","0","-80","1","0","11","3","","1610612745","201935","105","105","","1610612745","5820000","0021900346"
"410","4st","587","04:39","[HOU 106-105] Harden Free Throw 2 of 2 (27 PTS)","0","-80","1","0","12","3","","1610612745","201935","106","105","","1610612745","5830000","0021900346"
"411","4st","588","04:29","[SAC 107-106] Joseph Driving Layup Shot: Made (14 PTS)","5","-5","2","0","6","1","","1610612758","202709","106","107","","1610612758","5840000","0021900346"
"412","4st","589","04:08","[HOU] House Jr. Driving Layup Shot: Missed","-2","8","2","0","6","2","","1610612745","1627863","106","107","","1610612745","5850000","0021900346"
"413","4st","590","04:06","[SAC] Bjelica Rebound (Off:1 Def:4)","-2","8","0","0","0","4","","1610612758","202357","106","107","","1610612745","5860000","0021900346"
"414","4st","591","03:58","[SAC] Bjelica 3pt Shot: Missed","-183","195","3","0","1","2","","1610612758","202357","106","107","","1610612758","5870000","0021900346"
"415","4st","592","03:56","[HOU] Tucker Rebound (Off:3 Def:14)","-183","195","0","0","0","4","","1610612745","200782","106","107","","1610612758","5880000","0021900346"
"416","4st","593","03:54","[HOU] Harden 3pt Shot: Missed","-9","282","3","1","79","2","","1610612745","201935","106","107","","1610612745","5890000","0021900346"
"417","4st","594","03:50","[HOU] Capela Rebound (Off:6 Def:11)","-9","282","1","0","0","4","","1610612745","203991","106","107","","1610612745","5900000","0021900346"
"418","4st","595","03:39","[HOU] Harden Turnover : Lost Ball (7 TO) Steal:Hield (2 ST)","-101","34","1","0","2","5","1627741","1610612745","201935","106","107","","1610612745","5910000","0021900346"
"419","4st","597","03:26","[SAC] Hield 3pt Shot: Missed","-225","131","3","0","79","2","","1610612758","1627741","106","107","","1610612758","5930000","0021900346"
"420","4st","598","03:25","[HOU] Tucker Rebound (Off:3 Def:15)","-225","131","0","0","0","4","","1610612745","200782","106","107","","1610612758","5940000","0021900346"
"421","4st","599","03:25","[HOU] Team Timeout : Regular","0","-80","0","0","1","9","","1610612745","1610612745","106","107","","1610612745","5950000","0021900346"
"422","4st","600","03:25","[HOU] House Jr. Substitution replaced by McLemore","0","-80","0","0","0","8","","1610612745","1627863","106","107","203463","1610612745","5960000","0021900346"
"423","4st","601","03:25","[SAC] Bjelica Substitution replaced by Bogdanovic","0","-80","0","0","0","8","","1610612758","202357","106","107","203992","1610612745","5970000","0021900346"
"424","4st","604","03:14","[HOU 108-107] Westbrook Driving Layup Shot: Made (27 PTS) Assist: Harden (8 AST)","-11","8","2","0","6","1","","1610612745","201566","108","107","201935","1610612745","6e+06","0021900346"
"425","4st","606","02:56","[SAC 109-108] Hield Driving Reverse Layup Shot: Made (23 PTS)","18","-2","2","0","73","1","","1610612758","1627741","108","109","","1610612758","6020000","0021900346"
"426","4st","607","02:39","[HOU] Tucker 3pt Shot: Missed","236","35","3","0","1","2","","1610612745","200782","108","109","","1610612745","6030000","0021900346"
"427","4st","608","02:37","[SAC] Barnes Rebound (Off:1 Def:6)","236","35","0","0","0","4","","1610612758","203084","108","109","","1610612745","6040000","0021900346"
"428","4st","609","02:23","[SAC] Barnes Driving Layup Shot: Missed","25","8","2","0","6","2","203463","1610612758","203084","108","109","","1610612758","6050000","0021900346"
"429","4st","611","02:22","[SAC] Barnes Rebound (Off:2 Def:6)","25","8","1","0","0","4","","1610612758","203084","108","109","","1610612758","6070000","0021900346"
"430","4st","612","02:22","[HOU] Harden Foul: Shooting (4 PF) (2 FTA) (M Ervin)","-18","4","1","0","2","6","203084","1610612745","201935","108","109","","1610612758","6080000","0021900346"
"431","4st","614","02:22","[SAC 110-108] Barnes Free Throw 1 of 2 (16 PTS)","0","-80","1","0","11","3","","1610612758","203084","108","110","","1610612758","6100000","0021900346"
"432","4st","615","02:22","[SAC] Barnes Free Throw 2 of 2 Missed","0","-80","2","0","12","3","","1610612758","203084","108","110","","1610612758","6110000","0021900346"
"433","4st","616","02:22","[HOU] Tucker Rebound (Off:3 Def:16)","0","-80","0","0","0","4","","1610612745","200782","108","110","","1610612758","6110001","0021900346"
"434","4st","617","02:11","[HOU 110-110] Westbrook Driving Layup Shot: Made (29 PTS) Assist: Harden (9 AST)","-18","2","2","0","6","1","","1610612745","201566","110","110","201935","1610612745","6130000","0021900346"
"435","4st","619","01:46","[SAC] Bogdanovic 3pt Shot: Missed","-219","198","3","0","1","2","","1610612758","203992","110","110","","1610612758","6150000","0021900346"
"436","4st","620","01:44","[HOU] Harden Rebound (Off:0 Def:4)","-219","198","0","0","0","4","","1610612745","201935","110","110","","1610612758","6160000","0021900346"
"437","4st","621","01:38","[HOU] Harden Turnover : Lost Ball (8 TO) Steal:Joseph (2 ST)","-11","189","1","0","2","5","202709","1610612745","201935","110","110","","1610612745","6170000","0021900346"
"438","4st","623","01:15","[SAC 113-110] Barnes 3pt Shot: Made (19 PTS)","227","41","3","0","79","1","","1610612758","203084","110","113","","1610612758","6190000","0021900346"
"439","4st","624","01:07","[HOU 113-113] Westbrook 3pt Shot: Made (32 PTS) Assist: Harden (10 AST)","-207","170","3","0","1","1","","1610612745","201566","113","113","201935","1610612745","6200000","0021900346"
"440","4st","626","00:47.5","[SAC] Barnes Driving Floating Jump Shot: Missed","58","15","2","0","101","2","","1610612758","203084","113","113","","1610612758","6220000","0021900346"
"441","4st","627","00:45.3","[SAC] Holmes Rebound (Off:3 Def:5)","58","15","1","0","0","4","","1610612758","1626158","113","113","","1610612758","6230000","0021900346"
"442","4st","628","00:42.8","[SAC] Holmes Tip Layup Shot: Missed","0","-5","2","0","97","2","","1610612758","1626158","113","113","","1610612758","6240000","0021900346"
"443","4st","629","00:41.6","[HOU] McLemore Rebound (Off:1 Def:3)","0","-5","0","0","0","4","","1610612745","203463","113","113","","1610612758","6250000","0021900346"
"444","4st","630","00:22.7","[HOU 116-113] McLemore 3pt Shot: Made (12 PTS) Assist: Westbrook (8 AST)","164","193","3","0","1","1","","1610612745","203463","116","113","201566","1610612745","6260000","0021900346"
"445","4st","632","00:22.7","[SAC] Team Timeout : Regular","0","-80","0","0","1","9","","1610612758","1610612758","116","113","","1610612758","6280000","0021900346"
"446","4st","633","00:22.7","[HOU] Capela Substitution replaced by House Jr.","0","-80","0","0","0","8","","1610612745","203991","116","113","1627863","1610612758","6290000","0021900346"
"447","4st","635","00:13.5","[SAC] Hield 3pt Shot: Missed","-119","236","3","0","79","2","","1610612758","1627741","116","113","","1610612758","6310000","0021900346"
"448","4st","636","00:11.9","[SAC] Bogdanovic Rebound (Off:1 Def:2)","-119","236","1","0","0","4","","1610612758","203992","116","113","","1610612758","6320000","0021900346"
"449","4st","637","00:08.4","[SAC 116-116] Hield 3pt Shot: Made (26 PTS)","-210","141","3","0","79","1","","1610612758","1627741","116","116","","1610612758","6330000","0021900346"
"450","4st","638","00:08.4","Instant Replay - Support Ruling","0","-80","0","0","0","18","","0","0","116","116","","1610612745","6340000","0021900346"
"451","4st","639","00:01.0","[HOU 118-116] Westbrook Driving Finger Roll Layup Shot: Made (34 PTS)","-10","20","2","0","75","1","","1610612745","201566","118","116","","1610612745","6350000","0021900346"
"452","4st","640","00:01.0","[SAC] Team Timeout : Regular","0","-80","0","0","1","9","","1610612758","1610612758","118","116","","1610612758","6360000","0021900346"
"453","4st","641","00:01.0","[HOU] McLemore Substitution replaced by Capela","0","-80","0","0","0","8","","1610612745","203463","118","116","203991","1610612758","6370000","0021900346"
"454","4st","642","00:01.0","[SAC] Holmes Substitution replaced by Bjelica","0","-80","0","0","0","8","","1610612758","1626158","118","116","202357","1610612758","6380000","0021900346"
"455","4st","645","00:00.0","[SAC 119-118] Bjelica 3pt Shot: Made (17 PTS) Assist: Joseph (6 AST)","-158","283","3","0","1","1","","1610612758","202357","118","119","202709","1610612758","6410000","0021900346"
"456","4st","647","00:00.0","Instant Replay - Support Ruling","0","-80","0","0","0","18","","0","0","118","119","","1610612745","6430000","0021900346"
"457","4st","648","00:00.0","End Period","0","-80","0","0","0","13","","0","0","118","119","","1610612745","6440000","0021900346"
"458","4st","649","00:00.0","Game End","0","-80","0","0","0","0","","0","0","118","119","","0","6450000","0021900346"
